date,session_id,duration_min,compaction_count,branch,notes
2026-02-23,21425,unknown,unknown,feature/epic-3,
2026-02-23,27993,unknown,unknown,feature/epic-3,
2026-02-23,47990,unknown,unknown,feature/epic-3,
2026-02-23,57933,unknown,unknown,feature/epic-3,
2026-02-23,61795,unknown,unknown,feature/epic-3,
2026-02-23,71033,unknown,unknown,feature/epic-3,
2026-02-23,86587,unknown,unknown,feature/epic-3,
2026-02-23,94413,unknown,unknown,feature/epic-3,
2026-02-23,98836,unknown,unknown,feature/epic-3,
2026-02-23,123542,unknown,unknown,feature/epic-3,
2026-02-23,134265,unknown,unknown,feature/epic-3,
2026-02-23,138475,unknown,unknown,feature/epic-3,
2026-02-23,173338,unknown,unknown,feature/epic-3,
2026-02-23,177901,unknown,unknown,feature/epic-3,
2026-02-23,178965,unknown,unknown,feature/epic-3,
2026-02-23,187599,unknown,unknown,feature/epic-3,
2026-02-23,189063,unknown,unknown,feature/epic-3,
2026-02-23,203434,unknown,unknown,feature/epic-3,
2026-02-23,265283,unknown,unknown,feature/epic-3,
2026-02-23,275195,unknown,unknown,feature/epic-3,
2026-02-23,283195,unknown,unknown,feature/epic-3,
2026-02-23,285604,unknown,unknown,feature/epic-3,
2026-02-23,341081,unknown,unknown,feature/epic-3,
2026-02-23,344615,unknown,unknown,feature/epic-3,
2026-02-23,430820,unknown,unknown,feature/epic-3,
2026-02-23,440316,unknown,unknown,feature/epic-3,
2026-02-23,440794,unknown,unknown,feature/epic-3,
2026-02-23,466607,unknown,unknown,feature/epic-3,
2026-02-23,469135,unknown,unknown,feature/epic-3,
2026-02-23,469346,unknown,unknown,feature/epic-3,
2026-02-23,469952,unknown,unknown,feature/epic-3,
2026-02-23,470340,unknown,unknown,feature/epic-3,
2026-02-23,480817,unknown,unknown,feature/epic-3,
2026-02-23,481000,unknown,unknown,feature/epic-3,
2026-02-23,502116,unknown,unknown,feature/epic-3,
2026-02-23,510456,unknown,unknown,feature/epic-3,
2026-02-23,523510,unknown,unknown,feature/epic-3,
2026-02-23,526170,unknown,unknown,feature/epic-3,
2026-02-23,527622,unknown,unknown,feature/epic-3,
2026-02-23,528494,unknown,unknown,feature/epic-3,
2026-02-23,532545,unknown,unknown,feature/epic-3,
2026-02-23,643840,unknown,unknown,feature/epic-3,
2026-02-23,654996,unknown,unknown,feature/epic-3,
2026-02-23,664559,unknown,unknown,feature/epic-3,
2026-02-23,675508,unknown,unknown,feature/epic-3,
2026-02-23,679887,unknown,unknown,feature/epic-3,
2026-02-23,692094,unknown,unknown,feature/epic-3,
2026-02-23,696561,unknown,unknown,feature/epic-3,
2026-02-24,700008,unknown,unknown,feature/epic-3,
2026-02-24,702778,unknown,unknown,feature/epic-3,
2026-02-24,703513,unknown,unknown,feature/epic-3,
2026-02-24,703824,unknown,unknown,feature/epic-3,
2026-02-24,712758,unknown,unknown,feature/epic-3,
2026-02-24,716391,unknown,unknown,feature/epic-3,
2026-02-24,720610,unknown,unknown,feature/epic-3,
2026-02-24,730410,unknown,unknown,feature/epic-3,
2026-02-24,735890,unknown,unknown,feature/epic-3,
2026-02-24,744371,unknown,unknown,feature/epic-3,
2026-02-24,748201,unknown,unknown,feature/epic-3,
2026-02-24,750448,unknown,unknown,feature/epic-3,
2026-02-24,751343,unknown,unknown,feature/epic-3,
2026-02-24,5364,unknown,unknown,feature/epic-3,
2026-02-24,7253,unknown,unknown,feature/epic-3,
2026-02-24,35484,unknown,unknown,dev,
2026-02-24,38625,unknown,unknown,dev,
2026-02-24,69488,unknown,unknown,feature/epic-4,
2026-02-24,69922,unknown,unknown,feature/epic-4,
2026-02-24,70206,unknown,unknown,feature/epic-4,
2026-02-24,74739,unknown,unknown,feature/epic-4,
2026-02-24,74922,unknown,unknown,feature/epic-4,
2026-02-24,75067,unknown,unknown,feature/epic-4,
2026-02-24,76028,unknown,unknown,feature/epic-4,
2026-02-24,77182,unknown,unknown,feature/epic-4,
2026-02-24,77233,unknown,unknown,feature/epic-4,
2026-02-24,77279,unknown,unknown,feature/epic-4,
2026-02-24,77312,unknown,unknown,feature/epic-4,
2026-02-24,77357,unknown,unknown,feature/epic-4,
2026-02-24,42932,unknown,unknown,feature/epic-4,
2026-02-24,60336,unknown,unknown,feature/epic-4,
2026-02-24,75242,unknown,unknown,feature/epic-4,
2026-02-24,165707,unknown,unknown,feature/epic-4,
2026-02-24,167658,unknown,unknown,feature/epic-4,
2026-02-24,173303,unknown,unknown,feature/epic-4,
2026-02-24,186418,unknown,unknown,feature/epic-4,
2026-02-24,195710,unknown,unknown,feature/epic-4,
2026-02-24,210234,unknown,unknown,feature/epic-4,
2026-02-24,225801,unknown,unknown,feature/epic-4,
2026-02-24,261166,unknown,unknown,feature/epic-4,
2026-02-24,272667,unknown,unknown,feature/epic-4,
2026-02-24,278278,unknown,unknown,feature/epic-4,
2026-02-24,292118,unknown,unknown,feature/epic-4,
2026-02-24,303438,unknown,unknown,feature/epic-4,
2026-02-24,315913,unknown,unknown,feature/epic-4,
2026-02-24,329663,unknown,unknown,feature/epic-4,
2026-02-24,341575,unknown,unknown,feature/epic-4,
2026-02-24,355835,unknown,unknown,feature/epic-4,
2026-02-24,366223,unknown,unknown,feature/epic-4,
2026-02-24,379821,unknown,unknown,feature/epic-4,
2026-02-24,391235,unknown,unknown,feature/epic-4,
2026-02-24,401486,unknown,unknown,feature/epic-4,
2026-02-24,417181,unknown,unknown,feature/epic-4,
2026-02-24,447564,unknown,unknown,feature/epic-4,
2026-02-24,459909,unknown,unknown,feature/epic-4,
2026-02-24,479400,unknown,unknown,feature/epic-4,
2026-02-24,484669,unknown,unknown,feature/epic-4,
2026-02-24,503544,unknown,unknown,feature/epic-4,
2026-02-24,511848,unknown,unknown,feature/epic-4,
2026-02-24,523111,unknown,unknown,feature/epic-4,
2026-02-24,539013,unknown,unknown,feature/epic-4,
2026-02-24,555839,unknown,unknown,feature/epic-4,
2026-02-25,22066,unknown,unknown,feature/epic-4,
2026-02-25,37824,unknown,unknown,feature/epic-4,
2026-02-25,52088,unknown,unknown,feature/epic-4,
2026-02-25,58752,unknown,unknown,feature/epic-4,
2026-02-25,78532,unknown,unknown,feature/epic-4,
2026-02-25,99221,unknown,unknown,feature/epic-4,
2026-02-25,149310,unknown,unknown,feature/epic-4,
2026-02-25,196829,unknown,unknown,feature/epic-4,
2026-02-25,284805,unknown,unknown,feature/epic-4,
2026-02-25,296193,unknown,unknown,feature/epic-4,
2026-02-25,310378,unknown,unknown,feature/epic-4,
2026-02-25,334472,unknown,unknown,feature/epic-4,
2026-02-25,348361,unknown,unknown,feature/epic-4,
2026-02-25,553949,unknown,unknown,feature/epic-4,
2026-02-25,554990,unknown,unknown,feature/epic-4,
2026-02-25,563731,unknown,unknown,feature/epic-4,
2026-02-25,567050,unknown,unknown,feature/epic-4,
2026-02-25,569138,unknown,unknown,feature/epic-4,
2026-02-25,588908,unknown,unknown,feature/epic-4,
2026-02-25,599887,unknown,unknown,feature/epic-4,
2026-02-26,608255,unknown,unknown,feature/epic-4,
2026-02-26,626664,unknown,unknown,feature/epic-4,
2026-02-26,645408,unknown,unknown,feature/epic-4,
2026-02-27,21177,unknown,unknown,feature/epic-4,
2026-02-27,39968,unknown,unknown,feature/epic-4,
2026-02-27,42929,unknown,unknown,feature/epic-4,
2026-02-27,45762,unknown,unknown,feature/epic-4,
2026-02-27,68082,unknown,unknown,dev,
2026-02-27,185485,unknown,unknown,dev,
2026-02-27,200217,unknown,unknown,dev,
2026-02-27,214422,unknown,unknown,dev,
2026-02-27,218961,unknown,unknown,dev,
2026-03-05,466779,unknown,unknown,dev,
2026-03-05,502682,unknown,unknown,dev,
2026-03-05,593026,unknown,unknown,dev,
2026-03-05,594569,unknown,unknown,dev,
2026-03-05,599311,unknown,unknown,dev,
2026-03-05,612563,unknown,unknown,dev,
2026-03-05,613212,unknown,unknown,dev,
2026-03-05,615117,unknown,unknown,dev,
2026-03-05,620455,unknown,unknown,dev,
2026-03-05,629727,unknown,unknown,dev,
2026-03-05,645826,unknown,unknown,dev,
2026-03-05,649889,unknown,unknown,dev,
2026-03-05,651056,unknown,unknown,dev,
2026-03-05,654356,unknown,unknown,dev,
2026-03-05,662391,unknown,unknown,dev,
2026-03-05,663542,unknown,unknown,dev,
2026-03-05,663875,unknown,unknown,dev,
2026-03-06,665606,unknown,unknown,dev,
2026-03-06,666525,unknown,unknown,dev,
2026-03-06,667778,unknown,unknown,dev,
2026-03-06,668214,unknown,unknown,dev,
2026-03-06,670204,unknown,unknown,dev,
2026-03-06,672957,unknown,unknown,dev,
2026-03-06,676041,unknown,unknown,dev,
2026-03-06,676993,unknown,unknown,dev,
2026-03-06,679121,unknown,unknown,dev,
2026-03-06,681970,unknown,unknown,dev,
2026-03-06,692009,unknown,unknown,dev,
2026-03-06,695583,unknown,unknown,dev,
2026-03-06,698072,unknown,unknown,dev,
2026-03-06,700508,unknown,unknown,dev,
2026-03-06,704850,unknown,unknown,dev,
2026-03-06,707861,unknown,unknown,dev,
2026-03-06,711600,unknown,unknown,dev,
2026-03-06,716186,unknown,unknown,dev,
2026-03-06,719634,unknown,unknown,dev,
2026-03-06,723821,unknown,unknown,dev,
2026-03-06,724583,unknown,unknown,dev,
2026-03-06,728036,unknown,unknown,dev,
2026-03-06,732211,unknown,unknown,dev,
2026-03-06,743034,unknown,unknown,dev,
2026-03-06,765100,unknown,unknown,dev,
2026-03-06,765203,unknown,unknown,dev,
2026-03-06,765371,unknown,unknown,dev,
2026-03-06,765540,unknown,unknown,dev,
2026-03-06,765650,unknown,unknown,dev,
2026-03-06,775074,unknown,unknown,dev,
2026-03-06,779674,unknown,unknown,dev,
2026-03-06,782735,unknown,unknown,feature/epic-5,
2026-03-06,799631,unknown,unknown,feature/epic-5,
2026-03-06,9649,unknown,unknown,feature/epic-5,
2026-03-06,16956,unknown,unknown,feature/epic-5,
2026-03-06,26984,unknown,unknown,feature/epic-5,
2026-03-06,60471,unknown,unknown,feature/epic-5,
2026-03-06,65725,unknown,unknown,feature/epic-5,
2026-03-06,82265,unknown,unknown,feature/epic-5,
2026-03-06,90916,unknown,unknown,feature/epic-5,
2026-03-06,97230,unknown,unknown,feature/epic-5,
2026-03-06,112380,unknown,unknown,feature/epic-5,
2026-03-06,127251,unknown,unknown,feature/epic-5,
2026-03-06,132396,unknown,unknown,feature/epic-5,
2026-03-06,151146,unknown,unknown,feature/epic-5,
2026-03-06,170352,unknown,unknown,feature/epic-5,
2026-03-06,176881,unknown,unknown,feature/epic-5,
2026-03-06,179100,unknown,unknown,feature/epic-5,
2026-03-06,179245,unknown,unknown,feature/epic-5,
2026-03-06,37305,unknown,unknown,feature/epic-5,
2026-03-06,79529,unknown,unknown,feature/epic-5,
2026-03-06,45740,unknown,unknown,feature/epic-5,
2026-03-06,70843,unknown,unknown,feature/epic-5,
2026-03-06,86624,unknown,unknown,feature/epic-5,
2026-03-06,102323,unknown,unknown,feature/epic-5,
2026-03-06,132643,unknown,unknown,feature/epic-5,
2026-03-06,152268,unknown,unknown,feature/epic-5,
2026-03-06,193414,unknown,unknown,feature/epic-5,
2026-03-06,211655,unknown,unknown,feature/epic-5,
2026-03-07,241392,unknown,unknown,feature/epic-5,
2026-03-07,261877,unknown,unknown,feature/epic-5,
2026-03-07,277220,unknown,unknown,feature/epic-5,
2026-03-07,284201,unknown,unknown,feature/epic-5,
2026-03-07,290989,unknown,unknown,feature/epic-5,
2026-03-07,310775,unknown,unknown,feature/epic-5,
2026-03-07,318259,unknown,unknown,feature/epic-5,
2026-03-07,327575,unknown,unknown,feature/epic-5,
2026-03-07,350414,unknown,unknown,feature/epic-5,
2026-03-07,368510,unknown,unknown,feature/epic-5,
2026-03-07,385728,unknown,unknown,feature/epic-5,
2026-03-07,745131,unknown,unknown,feature/epic-5,
2026-03-07,765217,unknown,unknown,feature/epic-5,
2026-03-07,772068,unknown,unknown,feature/epic-5,
2026-03-07,778089,unknown,unknown,feature/epic-5,
2026-03-07,789712,unknown,unknown,feature/epic-6,
2026-03-07,791521,unknown,unknown,feature/epic-6,
2026-03-07,794194,unknown,unknown,feature/epic-6,
2026-03-07,799034,unknown,unknown,feature/epic-6,
2026-03-07,933308,unknown,unknown,feature/epic-6,
2026-03-07,1035245,unknown,unknown,feature/epic-6,
2026-03-07,1056525,unknown,unknown,feature/epic-6,
2026-03-07,1061800,unknown,unknown,feature/epic-6,
2026-03-07,1070270,unknown,unknown,feature/epic-6,
2026-03-07,1318346,unknown,unknown,feature/epic-6,
2026-03-07,1318466,unknown,unknown,feature/epic-6,
2026-03-07,1345480,unknown,unknown,feature/epic-6,
2026-03-09,263112,unknown,unknown,feature/epic-6,
2026-03-09,263211,unknown,unknown,feature/epic-6,
2026-03-09,290408,unknown,unknown,feature/epic-6,
2026-03-09,319437,unknown,unknown,feature/epic-6,
2026-03-09,327080,unknown,unknown,feature/epic-6,
2026-03-09,345376,unknown,unknown,feature/epic-6,
2026-03-09,355917,unknown,unknown,feature/epic-6,
2026-03-09,362939,unknown,unknown,feature/epic-6,
2026-03-09,373757,unknown,unknown,feature/epic-6,
2026-03-09,386745,unknown,unknown,feature/epic-6,
2026-03-10,43501,unknown,unknown,feature/epic-6,
2026-03-10,63530,unknown,unknown,feature/epic-6,
2026-03-10,66492,unknown,unknown,feature/epic-6,
2026-03-10,82384,unknown,unknown,feature/epic-6,
2026-03-10,99035,unknown,unknown,feature/epic-6,
2026-03-10,105528,unknown,unknown,feature/epic-6,
2026-03-10,120322,unknown,unknown,feature/epic-6,
2026-03-10,129159,unknown,unknown,feature/epic-6,
2026-03-10,133837,unknown,unknown,feature/epic-6,
2026-03-10,159750,unknown,unknown,feature/epic-6,
2026-03-10,169504,unknown,unknown,feature/epic-6,
2026-03-10,213495,unknown,unknown,feature/epic-6,
2026-03-10,215840,unknown,unknown,feature/epic-6,
2026-03-10,235490,unknown,unknown,feature/epic-6,
2026-03-10,241760,unknown,unknown,feature/epic-6,
2026-03-10,246281,unknown,unknown,feature/epic-6,
2026-03-10,250937,unknown,unknown,feature/epic-6,
2026-03-10,277576,unknown,unknown,feature/epic-6,
2026-03-10,285800,unknown,unknown,feature/epic-6,
2026-03-10,293799,unknown,unknown,feature/epic-6,
2026-03-10,306314,unknown,unknown,feature/epic-6,
2026-03-10,316318,unknown,unknown,feature/epic-6,
2026-03-10,320321,unknown,unknown,feature/epic-6,
2026-03-10,322193,unknown,unknown,feature/epic-6,
2026-03-10,326859,unknown,unknown,feature/epic-6,
2026-03-10,339367,unknown,unknown,feature/epic-6,
2026-03-10,353217,unknown,unknown,feature/epic-6,
2026-03-10,363840,unknown,unknown,feature/epic-6,
2026-03-10,366249,unknown,unknown,feature/epic-6,
2026-03-10,372244,unknown,unknown,feature/epic-6,
2026-03-10,374101,unknown,unknown,feature/epic-6,
2026-03-10,376450,unknown,unknown,feature/epic-6,
2026-03-10,383896,unknown,unknown,feature/epic-6,
2026-03-10,388366,unknown,unknown,feature/epic-6,
2026-03-10,411799,unknown,unknown,main,
2026-03-10,415485,unknown,unknown,main,
2026-03-10,418840,unknown,unknown,main,
2026-03-10,422201,unknown,unknown,main,
2026-03-10,445832,unknown,unknown,feature/8-1,
2026-03-10,453781,unknown,unknown,feature/8-1,
2026-03-10,461727,unknown,unknown,feature/8-1,
2026-03-10,489674,unknown,unknown,feature/8-1,
2026-03-12,67936,unknown,unknown,feature/8-1,
2026-03-12,77379,unknown,unknown,feature/8-1,
2026-03-12,82894,unknown,unknown,feature/8-1,
2026-03-12,112458,unknown,unknown,feature/8-1,
2026-03-12,121887,unknown,unknown,feature/8-1,
2026-03-12,127876,unknown,unknown,feature/8-1,
2026-03-13,159975,unknown,unknown,feature/8-1,
2026-03-13,165520,unknown,unknown,feature/8-1,
2026-03-13,172591,unknown,unknown,feature/8-1,
2026-03-13,175704,unknown,unknown,feature/8-1,
2026-03-13,201674,unknown,unknown,feature/8-1,
2026-03-13,220892,unknown,unknown,feature/8-1,
2026-03-13,225338,unknown,unknown,feature/8-1,
2026-03-13,227300,unknown,unknown,feature/8-1,
2026-03-13,235058,unknown,unknown,main,
2026-03-13,240233,unknown,unknown,main,
2026-03-13,245189,unknown,unknown,main,
2026-03-13,245470,unknown,unknown,main,
2026-03-13,250271,unknown,unknown,main,
2026-03-13,409261,unknown,unknown,main,
2026-03-13,417931,unknown,unknown,main,
2026-03-13,441492,unknown,unknown,main,
2026-03-13,455308,unknown,unknown,feature/epic7,
2026-03-15,78910,unknown,unknown,feature/epic7,
2026-03-15,90626,unknown,unknown,feature/epic7,
2026-03-15,92058,unknown,unknown,feature/epic7,
2026-03-15,100227,unknown,unknown,feature/epic7,
2026-03-15,101573,unknown,unknown,feature/epic7,
2026-03-15,120613,unknown,unknown,feature/epic7,
2026-03-15,137573,unknown,unknown,feature/epic7,
2026-03-15,140937,unknown,unknown,feature/epic7,
2026-03-15,175143,unknown,unknown,feature/epic7,
2026-03-15,178668,unknown,unknown,feature/epic7,
2026-03-15,191420,unknown,unknown,feature/epic7,
2026-03-15,200854,unknown,unknown,feature/epic7,
2026-03-15,202959,unknown,unknown,feature/epic7,
2026-03-15,213725,unknown,unknown,feature/epic7,
2026-03-15,222818,unknown,unknown,feature/epic7,
2026-03-15,226937,unknown,unknown,feature/epic7,
2026-03-15,228954,unknown,unknown,feature/epic7,
2026-03-15,260712,unknown,unknown,feature/epic7,
2026-03-17,32772,unknown,unknown,feature/epic7,
2026-03-17,43633,unknown,unknown,feature/epic7,
2026-03-17,57841,unknown,unknown,feature/epic7,
2026-03-17,67918,unknown,unknown,feature/epic7,
2026-03-17,77462,unknown,unknown,feature/epic7,
2026-03-17,128347,unknown,unknown,feature/epic7,
2026-03-17,148136,unknown,unknown,feature/epic7,
2026-03-17,163137,unknown,unknown,feature/epic7,
2026-03-17,204771,unknown,unknown,feature/epic7,
2026-03-17,204843,unknown,unknown,feature/epic7,
2026-03-17,36217,unknown,unknown,feature/epic7,
2026-03-17,49581,unknown,unknown,feature/epic7,
2026-03-17,63438,unknown,unknown,feature/epic7,
2026-03-17,85545,unknown,unknown,feature/epic7,
2026-03-17,91198,unknown,unknown,feature/epic7,
2026-03-17,108122,unknown,unknown,feature/epic7,
2026-03-17,112818,unknown,unknown,feature/epic7,
2026-03-17,123626,unknown,unknown,feature/epic7,
2026-03-17,146185,unknown,unknown,feature/epic7,
2026-03-17,150615,unknown,unknown,feature/epic7,
2026-03-18,159413,unknown,unknown,feature/epic7,
2026-03-18,159685,unknown,unknown,feature/epic7,
2026-03-18,171329,unknown,unknown,feature/epic7.5,
2026-03-18,205319,unknown,unknown,feature/epic7.5,
2026-03-18,219915,unknown,unknown,feature/epic7.5,
2026-03-18,262120,unknown,unknown,feature/epic7.5,
2026-03-18,269876,unknown,unknown,feature/epic7.5,
2026-03-18,282019,unknown,unknown,feature/epic7.5,
2026-03-18,123213,unknown,unknown,feature/epic7.5,
2026-03-18,146765,unknown,unknown,feature/epic7.5,
2026-03-18,164425,unknown,unknown,feature/epic7.5,
2026-03-18,255338,unknown,unknown,feature/epic7.5,
2026-03-18,267031,unknown,unknown,feature/epic7.5,
2026-03-18,284157,unknown,unknown,feature/epic7.5,
2026-03-18,302732,unknown,unknown,feature/epic7.5,
2026-03-18,337928,unknown,unknown,feature/epic7.5,
2026-03-18,366048,unknown,unknown,feature/epic7.5,
2026-03-18,370317,unknown,unknown,feature/epic7.5,
2026-03-18,397257,unknown,unknown,feature/epic7.5,
2026-03-18,409034,unknown,unknown,feature/epic7.5,
2026-03-18,417126,unknown,unknown,feature/epic7.5,
2026-03-18,423469,unknown,unknown,feature/epic7.5,
2026-03-18,425994,unknown,unknown,feature/epic7.5,
2026-03-18,428422,unknown,unknown,feature/epic7.5,
2026-03-18,441497,unknown,unknown,feature/epic7.5,
2026-03-19,42066,unknown,unknown,feature/epic7.5,
2026-03-19,390338,unknown,unknown,feature/epic7.5,
2026-03-19,502762,unknown,unknown,feature/epic7.5,
2026-03-19,521879,unknown,unknown,feature/epic7.5,
2026-03-19,694414,unknown,unknown,feature/epic7.5,
2026-03-19,708305,unknown,unknown,feature/epic7.5,
2026-03-19,708824,unknown,unknown,feature/epic7.5,
2026-03-19,12975,unknown,unknown,feature/epic7.5,
2026-03-19,24123,unknown,unknown,feature/epic7.5,
2026-03-19,33096,unknown,unknown,feature/epic7.5,
2026-03-19,46862,unknown,unknown,feature/epic7.5,
2026-03-19,51927,unknown,unknown,feature/epic7.5,
2026-03-19,70619,unknown,unknown,feature/epic7.5,
2026-03-20,96314,unknown,unknown,feature/epic7.5,
2026-03-20,9394,unknown,unknown,feature/epic7.5,
2026-03-20,16501,unknown,unknown,feature/epic7.5,
2026-03-20,37918,unknown,unknown,feature/epic7.5,
2026-03-20,63232,unknown,unknown,feature/epic7.5,
2026-03-20,7246,unknown,unknown,feature/epic7.5,
2026-03-20,37336,unknown,unknown,feature/epic7.5,
2026-03-20,72075,unknown,unknown,feature/epic7.5,
2026-03-20,94408,unknown,unknown,feature/epic7.5,
2026-03-20,97506,unknown,unknown,feature/epic7.5,
2026-03-20,628,unknown,unknown,feature/epic7.5,
2026-03-20,55368,unknown,unknown,feature/epic7.5,
2026-03-20,56520,unknown,unknown,feature/epic7.5,
2026-03-20,62801,unknown,unknown,feature/epic9,
2026-03-20,76093,unknown,unknown,feature/epic9,
2026-03-20,61337,unknown,unknown,feature/epic9,
2026-03-20,168204,unknown,unknown,feature/epic9,
2026-03-20,192290,unknown,unknown,feature/epic9,
2026-03-23,65894,unknown,unknown,feature/epic9,
2026-03-24,85417,unknown,unknown,feature/epic9,
2026-03-24,207643,unknown,unknown,feature/epic9,
2026-03-24,320072,unknown,unknown,feature/epic9,
2026-03-26,67003,unknown,unknown,feature/epic9,
2026-03-26,112423,unknown,unknown,feature/epic9,
2026-03-26,112569,unknown,unknown,feature/epic9,
2026-03-26,148202,unknown,unknown,feature/epic9,
2026-03-26,148282,unknown,unknown,feature/epic9,
2026-03-26,148529,unknown,unknown,feature/epic9,
2026-03-26,235095,unknown,unknown,feature/epic9,
2026-03-26,256217,unknown,unknown,feature/epic9,
2026-03-26,293104,unknown,unknown,feature/epic9,
2026-03-26,293229,unknown,unknown,feature/epic9,
2026-03-26,300199,unknown,unknown,feature/epic9,
2026-03-26,358792,unknown,unknown,feature/epic9,
2026-03-26,367650,unknown,unknown,feature/epic9,
2026-03-26,377832,unknown,unknown,feature/epic9,
2026-03-26,380756,unknown,unknown,feature/epic9,
2026-03-26,409764,unknown,unknown,feature/epic9,
2026-03-26,419603,unknown,unknown,feature/epic9,
2026-03-27,1068728,unknown,unknown,feature/epic9,
2026-03-27,1082656,unknown,unknown,feature/epic9,
2026-03-27,1107342,unknown,unknown,feature/epic9,
2026-03-27,1453234,unknown,unknown,feature/epic9,
2026-03-27,1462795,unknown,unknown,feature/epic9,
2026-03-27,1472666,unknown,unknown,feature/epic9,
2026-03-27,1509923,unknown,unknown,feature/epic9,
2026-03-27,1521789,unknown,unknown,feature/epic9,
2026-03-27,1528198,unknown,unknown,feature/epic9,
2026-03-27,1536042,unknown,unknown,feature/epic9,
2026-03-27,1558500,unknown,unknown,feature/epic9,
2026-03-27,1567367,unknown,unknown,feature/epic9,
2026-03-27,1569766,unknown,unknown,feature/epic9,
2026-03-27,1581385,unknown,unknown,feature/epic9,
2026-03-27,1602543,unknown,unknown,feature/epic9,
2026-03-27,1610316,unknown,unknown,feature/epic9,
2026-03-27,1616535,unknown,unknown,feature/epic9,
2026-03-27,1622629,unknown,unknown,feature/epic9,
2026-03-27,1623987,unknown,unknown,feature/epic9,
2026-03-27,1625939,unknown,unknown,feature/epic9,
2026-03-27,1649325,unknown,unknown,feature/epic10,
2026-03-27,1650476,unknown,unknown,feature/epic10,
2026-03-28,1671752,unknown,unknown,feature/epic10,
2026-03-28,1682234,unknown,unknown,feature/epic10,
2026-03-30,4067080,unknown,unknown,feature/epic10,
2026-03-30,4122304,unknown,unknown,feature/epic10,
2026-03-30,4122435,unknown,unknown,feature/epic10,
2026-03-30,4127734,unknown,unknown,feature/epic10,
2026-03-30,4136079,unknown,unknown,feature/epic10,
2026-03-30,4146105,unknown,unknown,feature/epic10,
2026-03-30,4177885,unknown,unknown,feature/epic10,
2026-03-30,4178047,unknown,unknown,feature/epic10,
2026-03-30,4193843,unknown,unknown,feature/epic10,
2026-03-30,14249,unknown,unknown,feature/epic10,
2026-03-30,17389,unknown,unknown,feature/epic10,
2026-03-30,74820,unknown,unknown,feature/epic10,
2026-03-30,76031,unknown,unknown,feature/epic10,
2026-03-30,80004,unknown,unknown,feature/epic11,
2026-03-30,84562,unknown,unknown,feature/epic11,
2026-03-30,87407,unknown,unknown,feature/epic11,
2026-03-30,88319,unknown,unknown,feature/epic11,
2026-03-30,89463,unknown,unknown,feature/epic11,
2026-03-30,105116,unknown,unknown,feature/epic11,
2026-03-30,119323,unknown,unknown,feature/epic11,
2026-03-30,130317,unknown,unknown,feature/epic11,
2026-03-30,149387,unknown,unknown,feature/epic11,
2026-03-30,160295,unknown,unknown,feature/epic11,
2026-03-30,170851,unknown,unknown,feature/epic11,
2026-03-30,183937,unknown,unknown,feature/epic11,
2026-03-30,185951,unknown,unknown,feature/epic11,
2026-03-30,205497,unknown,unknown,feature/epic11,
2026-03-30,218320,unknown,unknown,feature/epic11,
2026-03-30,226958,unknown,unknown,feature/epic11,
2026-03-31,27276,unknown,unknown,feature/epic11,
2026-03-31,53663,unknown,unknown,feature/epic11,
2026-03-31,255705,unknown,unknown,feature/epic11,
2026-03-31,281851,unknown,unknown,feature/epic11,
2026-03-31,316601,unknown,unknown,feature/epic11,
2026-03-31,351512,unknown,unknown,feature/epic11,
2026-03-31,374812,unknown,unknown,feature/epic11,
2026-03-31,391828,unknown,unknown,feature/epic11,
2026-03-31,529807,unknown,unknown,feature/epic11,
2026-03-31,567715,unknown,unknown,feature/epic11,
2026-03-31,583988,unknown,unknown,feature/epic11,
2026-03-31,595675,unknown,unknown,feature/epic11,
2026-03-31,620677,unknown,unknown,feature/epic11,
2026-03-31,620740,unknown,unknown,feature/epic11,
2026-04-01,1028345,unknown,unknown,feature/epic11,
2026-04-01,60614,unknown,unknown,feature/epic11,
2026-04-01,80959,unknown,unknown,feature/epic11,
2026-04-01,101724,unknown,unknown,feature/epic11,
2026-04-01,113764,unknown,unknown,feature/epic11,
2026-04-01,390149,unknown,unknown,feature/epic11,
2026-04-01,397109,unknown,unknown,feature/epic11,
2026-04-01,51757,unknown,unknown,feature/epic11,
2026-04-01,94714,unknown,unknown,feature/epic11,
2026-04-01,129138,unknown,unknown,dev,
2026-05-25,419415,unknown,unknown,dev,
2026-05-25,432079,unknown,unknown,dev,
2026-05-25,436653,unknown,unknown,dev,
2026-05-25,438798,unknown,unknown,dev,
2026-05-25,440533,unknown,unknown,dev,
2026-05-25,442024,unknown,unknown,dev,
2026-05-25,474640,unknown,unknown,dev,
2026-05-25,499772,unknown,unknown,dev,
2026-05-25,504222,unknown,unknown,dev,
2026-05-25,522233,unknown,unknown,dev,
2026-05-25,535565,unknown,unknown,dev,
2026-05-25,544290,unknown,unknown,dev,
2026-05-25,554679,unknown,unknown,dev,
2026-05-25,572281,unknown,unknown,dev,
2026-05-25,580878,unknown,unknown,dev,
2026-05-25,606316,unknown,unknown,dev,
2026-05-26,18584,unknown,unknown,dev,
2026-05-26,38229,unknown,unknown,dev,
2026-05-26,66385,unknown,unknown,dev,
2026-05-26,91712,unknown,unknown,dev,
2026-05-26,100164,unknown,unknown,dev,
2026-05-26,135961,unknown,unknown,dev,
2026-05-26,146166,unknown,unknown,dev,
2026-05-26,169295,unknown,unknown,dev,
2026-05-26,189420,unknown,unknown,dev,
2026-05-26,236304,unknown,unknown,dev,
2026-05-26,242817,unknown,unknown,dev,
2026-05-26,253110,unknown,unknown,dev,
2026-05-26,318684,unknown,unknown,dev,
2026-05-26,10906,unknown,unknown,dev,
2026-05-26,35479,unknown,unknown,dev,
2026-05-26,59050,unknown,unknown,dev,
2026-05-26,69371,unknown,unknown,dev,
2026-05-26,115589,unknown,unknown,dev,
2026-05-26,121956,unknown,unknown,dev,
2026-05-26,133018,unknown,unknown,dev,
2026-05-26,136202,unknown,unknown,dev,
2026-05-26,143061,unknown,unknown,dev,
2026-05-26,157832,unknown,unknown,dev,
2026-05-26,161644,unknown,unknown,dev,
2026-05-26,162804,unknown,unknown,dev,
2026-05-26,164367,unknown,unknown,dev,
2026-05-26,173118,unknown,unknown,dev,
2026-05-26,183248,unknown,unknown,dev,
2026-05-26,184204,unknown,unknown,dev,
2026-05-26,189990,unknown,unknown,dev,
2026-05-27,9236,unknown,unknown,dev,
2026-05-27,15206,unknown,unknown,dev,
2026-05-27,24236,unknown,unknown,dev,
2026-05-27,28598,unknown,unknown,dev,
2026-05-27,35622,unknown,unknown,dev,
2026-05-27,42778,unknown,unknown,dev,
2026-05-27,52151,unknown,unknown,dev,
2026-05-27,56189,unknown,unknown,dev,
2026-05-27,59513,unknown,unknown,dev,
2026-05-27,64563,unknown,unknown,dev,
2026-05-27,67572,unknown,unknown,dev,
2026-05-27,71344,unknown,unknown,dev,
2026-05-27,73823,unknown,unknown,dev,
2026-05-27,78649,unknown,unknown,dev,
2026-05-27,92089,unknown,unknown,dev,
2026-05-27,96489,unknown,unknown,dev,
2026-05-27,120513,unknown,unknown,dev,
2026-05-27,11737,unknown,unknown,dev,
2026-05-27,57077,unknown,unknown,dev,
2026-05-27,104552,unknown,unknown,dev,
2026-05-27,136227,unknown,unknown,dev,
2026-05-27,144506,unknown,unknown,dev,
2026-05-27,172401,unknown,unknown,dev,
2026-05-27,174684,unknown,unknown,dev,
2026-05-27,177636,unknown,unknown,dev,
2026-05-27,182537,unknown,unknown,dev,
2026-05-27,189957,unknown,unknown,dev,
2026-05-27,205978,unknown,unknown,dev,
2026-05-27,212529,unknown,unknown,dev,
2026-05-27,238338,unknown,unknown,dev,
2026-05-27,242812,unknown,unknown,dev,
2026-05-27,246792,unknown,unknown,dev,
2026-05-27,255819,unknown,unknown,dev,
2026-05-28,22077,unknown,unknown,dev,
2026-05-28,48369,unknown,unknown,dev,
2026-05-28,52674,unknown,unknown,dev,
2026-05-28,59378,unknown,unknown,dev,
2026-05-28,78615,unknown,unknown,dev,
2026-05-28,81642,unknown,unknown,dev,
2026-05-28,98868,unknown,unknown,dev,
2026-05-28,99742,unknown,unknown,dev,
2026-05-28,16260,unknown,unknown,dev,
2026-05-28,20038,unknown,unknown,dev,
2026-05-28,23043,unknown,unknown,dev,
2026-05-28,27924,unknown,unknown,dev,
2026-05-28,30773,unknown,unknown,dev,
2026-05-28,43186,unknown,unknown,dev,
2026-05-28,46742,unknown,unknown,dev,
2026-05-28,51488,unknown,unknown,dev,
2026-05-28,53526,unknown,unknown,dev,
2026-05-28,62855,unknown,unknown,dev,
2026-05-28,81053,unknown,unknown,dev,
2026-05-28,83477,unknown,unknown,dev,
2026-05-28,92803,unknown,unknown,dev,
2026-05-28,100607,unknown,unknown,dev,
2026-05-28,103499,unknown,unknown,dev,
2026-05-28,127110,unknown,unknown,dev,
2026-05-28,204104,unknown,unknown,dev,
2026-05-28,209551,unknown,unknown,dev,
2026-05-28,211638,unknown,unknown,dev,
2026-05-28,213005,unknown,unknown,dev,
2026-05-28,218486,unknown,unknown,dev,
2026-05-28,223774,unknown,unknown,dev,
2026-05-28,225450,unknown,unknown,dev,
2026-05-28,229043,unknown,unknown,dev,
2026-05-28,231022,unknown,unknown,dev,
2026-05-28,248745,unknown,unknown,dev,
2026-05-29,343711,unknown,unknown,dev,
2026-05-29,347324,unknown,unknown,dev,
2026-05-29,357055,unknown,unknown,dev,
2026-05-29,370588,unknown,unknown,dev,
2026-05-29,379662,unknown,unknown,dev,
2026-05-29,383687,unknown,unknown,dev,
2026-05-29,400864,unknown,unknown,dev,
2026-05-29,504261,unknown,unknown,dev,
2026-05-29,548399,unknown,unknown,dev,
2026-05-29,606588,unknown,unknown,dev,
2026-05-29,913681,unknown,unknown,dev,
2026-05-29,1134026,unknown,unknown,dev,
2026-05-29,1147456,unknown,unknown,dev,
2026-05-29,1292778,unknown,unknown,dev,
2026-05-29,1358890,unknown,unknown,dev,
2026-05-29,1466145,unknown,unknown,dev,
2026-05-29,1565016,unknown,unknown,dev,
2026-05-29,1848371,unknown,unknown,dev,
2026-05-29,1898284,unknown,unknown,dev,
2026-05-29,1980658,unknown,unknown,dev,
2026-05-29,2053997,unknown,unknown,dev,
2026-05-29,2146463,unknown,unknown,dev,
2026-05-29,2230101,unknown,unknown,dev,
2026-05-29,2325773,unknown,unknown,dev,
2026-05-29,2476458,unknown,unknown,dev,
2026-05-30,2895475,unknown,unknown,dev,
2026-05-30,92521,unknown,unknown,dev,
2026-05-30,194966,unknown,unknown,dev,
2026-05-30,246104,unknown,unknown,dev,
2026-05-30,603064,unknown,unknown,dev,
2026-05-30,691132,unknown,unknown,dev,
2026-05-30,814177,unknown,unknown,dev,
2026-05-30,823766,unknown,unknown,dev,
2026-05-30,826718,unknown,unknown,dev,
2026-05-30,847537,unknown,unknown,dev,
2026-05-30,855244,unknown,unknown,dev,
2026-05-30,894621,unknown,unknown,dev,
2026-05-30,958634,unknown,unknown,dev,
2026-05-30,983682,unknown,unknown,dev,
2026-05-30,1050013,unknown,unknown,dev,
2026-05-30,1058018,unknown,unknown,dev,
2026-05-30,1062489,unknown,unknown,dev,
2026-05-30,1112942,unknown,unknown,dev,
2026-05-31,1748319,unknown,unknown,dev,
2026-05-31,1750836,unknown,unknown,dev,
2026-05-31,1808759,unknown,unknown,dev,
2026-05-31,1814293,unknown,unknown,dev,
2026-05-31,1819896,unknown,unknown,dev,
2026-05-31,1847388,unknown,unknown,dev,
2026-05-31,1862253,unknown,unknown,dev,
2026-05-31,1865165,unknown,unknown,dev,
2026-05-31,2002368,unknown,unknown,dev,
2026-05-31,2016040,unknown,unknown,dev,
2026-05-31,2036447,unknown,unknown,dev,
2026-05-31,2039056,unknown,unknown,dev,
2026-05-31,2093076,unknown,unknown,dev,
2026-05-31,2095429,unknown,unknown,dev,
2026-05-31,2103215,unknown,unknown,dev,
2026-05-31,2198148,unknown,unknown,dev,
2026-05-31,2256409,unknown,unknown,dev,
2026-05-31,2309607,unknown,unknown,dev,
2026-05-31,2343059,unknown,unknown,dev,
2026-05-31,2389111,unknown,unknown,dev,
2026-05-31,2491560,unknown,unknown,dev,
2026-05-31,2570176,unknown,unknown,dev,
2026-05-31,2606768,unknown,unknown,dev,
2026-05-31,2719100,unknown,unknown,dev,
2026-05-31,2762396,unknown,unknown,dev,
2026-05-31,2801625,unknown,unknown,dev,
2026-05-31,2858085,unknown,unknown,dev,
2026-05-31,2964628,unknown,unknown,dev,
2026-05-31,2970404,unknown,unknown,dev,
2026-06-01,3008356,unknown,unknown,dev,
2026-06-01,3024363,unknown,unknown,dev,
2026-06-01,3074336,unknown,unknown,dev,
2026-06-01,3146438,unknown,unknown,dev,
2026-06-01,3550488,unknown,unknown,dev,
2026-06-01,3582766,unknown,unknown,dev,
2026-06-01,3757258,unknown,unknown,dev,
2026-06-01,3836129,unknown,unknown,dev,
2026-06-01,3877230,unknown,unknown,dev,
2026-06-01,3984803,unknown,unknown,dev,
2026-06-01,4039236,unknown,unknown,dev,
2026-06-01,73671,unknown,unknown,dev,
2026-06-01,184115,unknown,unknown,dev,
2026-06-01,196401,unknown,unknown,dev,
2026-06-01,232285,unknown,unknown,dev,
2026-06-01,252636,unknown,unknown,dev,
2026-06-01,269890,unknown,unknown,dev,
2026-06-01,318048,unknown,unknown,dev,
2026-06-01,347280,unknown,unknown,dev,
2026-06-01,35005,unknown,unknown,dev,
2026-06-01,63082,unknown,unknown,dev,
2026-06-01,126812,unknown,unknown,dev,
2026-06-01,212293,unknown,unknown,dev,
2026-06-01,297571,unknown,unknown,dev,
2026-06-01,799545,unknown,unknown,dev,
2026-06-01,835730,unknown,unknown,dev,
2026-06-01,1082598,unknown,unknown,dev,
2026-06-01,1116527,unknown,unknown,dev,
2026-06-01,1131923,unknown,unknown,dev,
2026-06-01,1185240,unknown,unknown,dev,
2026-06-02,1358903,unknown,unknown,dev,
2026-06-02,1369391,unknown,unknown,dev,
2026-06-02,20325,unknown,unknown,dev,
2026-06-02,94104,unknown,unknown,dev,
2026-06-02,115315,unknown,unknown,dev,
2026-06-02,142479,unknown,unknown,dev,
2026-06-02,166534,unknown,unknown,dev,
2026-06-02,198620,unknown,unknown,dev,
2026-06-02,220783,unknown,unknown,dev,
2026-06-02,232196,unknown,unknown,dev,
2026-06-02,242982,unknown,unknown,dev,
2026-06-02,258450,unknown,unknown,dev,
2026-06-02,276275,unknown,unknown,dev,
2026-06-02,471286,unknown,unknown,dev,
2026-06-02,507626,unknown,unknown,dev,
2026-06-02,530185,unknown,unknown,dev,
2026-06-02,544281,unknown,unknown,dev,
2026-06-02,565201,unknown,unknown,dev,
2026-06-02,591189,unknown,unknown,dev,
2026-06-02,604677,unknown,unknown,dev,
2026-06-02,652647,unknown,unknown,dev,
2026-06-02,672540,unknown,unknown,dev,
2026-06-02,721928,unknown,unknown,dev,
2026-06-02,731772,unknown,unknown,dev,
2026-06-02,755882,unknown,unknown,dev,
2026-06-02,776478,unknown,unknown,dev,
2026-06-02,801920,unknown,unknown,dev,
2026-06-02,820444,unknown,unknown,dev,
2026-06-02,910818,unknown,unknown,dev,
2026-06-02,939283,unknown,unknown,dev,
2026-06-02,962617,unknown,unknown,dev,
2026-06-02,972769,unknown,unknown,dev,
2026-06-02,1018880,unknown,unknown,dev,
2026-06-02,1052190,unknown,unknown,dev,
2026-06-02,1072317,unknown,unknown,dev,
2026-06-02,1101698,unknown,unknown,dev,
2026-06-02,1116186,unknown,unknown,dev,
2026-06-02,1155280,unknown,unknown,dev,
2026-06-02,1185169,unknown,unknown,dev,
2026-06-02,1340816,unknown,unknown,dev,
2026-06-02,1379021,unknown,unknown,dev,
2026-06-02,1400690,unknown,unknown,dev,
2026-06-03,1440793,unknown,unknown,dev,
2026-06-03,1468470,unknown,unknown,dev,
2026-06-03,1528064,unknown,unknown,dev,
2026-06-03,1545327,unknown,unknown,dev,
2026-06-03,1560890,unknown,unknown,dev,
2026-06-03,1578503,unknown,unknown,dev,
2026-06-03,1600741,unknown,unknown,dev,
2026-06-03,1626140,unknown,unknown,dev,
2026-06-03,1633188,unknown,unknown,dev,
2026-06-03,1931181,unknown,unknown,dev,
2026-06-03,2002862,unknown,unknown,dev,
2026-06-03,2029827,unknown,unknown,dev,
2026-06-03,2036887,unknown,unknown,dev,
2026-06-03,2051365,unknown,unknown,dev,
2026-06-03,2059113,unknown,unknown,dev,
2026-06-03,2072272,unknown,unknown,dev,
2026-06-03,2321905,unknown,unknown,dev,
2026-06-03,2404951,unknown,unknown,dev,
2026-06-03,2425594,unknown,unknown,dev,
2026-06-03,2458617,unknown,unknown,dev,
2026-06-03,2715574,unknown,unknown,dev,
2026-06-03,2731794,unknown,unknown,dev,
2026-06-03,2813709,unknown,unknown,dev,
2026-06-03,2815893,unknown,unknown,dev,
2026-06-03,2846317,unknown,unknown,dev,
2026-06-03,2876012,unknown,unknown,dev,
2026-06-03,2913468,unknown,unknown,dev,
2026-06-03,3066337,unknown,unknown,dev,
2026-06-03,3132206,unknown,unknown,dev,
2026-06-03,3246610,unknown,unknown,dev,
2026-06-03,3269159,unknown,unknown,dev,
2026-06-03,3304047,unknown,unknown,dev,
2026-06-03,3421689,unknown,unknown,dev,
2026-06-03,3528418,unknown,unknown,dev,
2026-06-04,3605038,unknown,unknown,dev,
2026-06-04,3642485,unknown,unknown,dev,
2026-06-04,4147887,unknown,unknown,dev,
2026-06-04,5426,unknown,unknown,dev,
2026-06-04,34765,unknown,unknown,dev,
2026-06-04,82960,unknown,unknown,dev,
2026-06-04,101977,unknown,unknown,dev,
2026-06-04,182577,unknown,unknown,dev,
2026-06-04,200315,unknown,unknown,dev,
2026-06-04,234170,unknown,unknown,dev,
2026-06-04,252529,unknown,unknown,dev,
2026-06-04,260208,unknown,unknown,dev,
2026-06-04,447193,unknown,unknown,dev,
2026-06-04,504571,unknown,unknown,dev,
2026-06-04,528513,unknown,unknown,dev,
2026-06-04,543761,unknown,unknown,dev,
2026-06-04,547211,unknown,unknown,dev,
2026-06-04,555829,unknown,unknown,dev,
2026-06-04,571627,unknown,unknown,dev,
2026-06-04,600144,unknown,unknown,dev,
2026-06-04,624055,unknown,unknown,dev,
2026-06-04,632139,unknown,unknown,dev,
2026-06-04,669787,unknown,unknown,dev,
2026-06-04,706933,unknown,unknown,dev,
2026-06-04,741816,unknown,unknown,dev,
2026-06-04,800436,unknown,unknown,dev,
2026-06-04,858076,unknown,unknown,dev,
2026-06-04,883975,unknown,unknown,dev,
2026-06-04,926824,unknown,unknown,dev,
2026-06-04,947856,unknown,unknown,dev,
2026-06-04,958549,unknown,unknown,dev,
2026-06-04,996400,unknown,unknown,dev,
2026-06-04,1012030,unknown,unknown,dev,
2026-06-04,1037012,unknown,unknown,dev,
2026-06-04,1054012,unknown,unknown,dev,
2026-06-04,1127036,unknown,unknown,dev,
2026-06-04,1152890,unknown,unknown,dev,
2026-06-04,1166157,unknown,unknown,dev,
2026-06-04,1200723,unknown,unknown,dev,
2026-06-04,1236050,unknown,unknown,dev,
2026-06-04,1269187,unknown,unknown,dev,
2026-06-04,1285259,unknown,unknown,dev,
2026-06-04,1303846,unknown,unknown,dev,
2026-06-04,1317969,unknown,unknown,dev,
2026-06-04,1321654,unknown,unknown,dev,
2026-06-04,1324036,unknown,unknown,dev,
2026-06-04,1339768,unknown,unknown,dev,
2026-06-04,1355088,unknown,unknown,dev,
2026-06-04,1356550,unknown,unknown,dev,
2026-06-04,1360166,unknown,unknown,dev,
2026-06-04,1381807,unknown,unknown,dev,
2026-06-04,1386730,unknown,unknown,dev,
2026-06-04,1432038,unknown,unknown,dev,
2026-06-04,1441175,unknown,unknown,dev,
2026-06-04,1504420,unknown,unknown,dev,
2026-06-04,1509352,unknown,unknown,dev,
2026-06-05,38895,unknown,unknown,dev,
2026-06-05,46624,unknown,unknown,dev,
2026-06-05,49115,unknown,unknown,dev,
2026-06-05,51373,unknown,unknown,dev,
2026-06-05,56932,unknown,unknown,dev,
2026-06-05,60259,unknown,unknown,dev,
2026-06-05,61117,unknown,unknown,dev,
2026-06-05,68397,unknown,unknown,dev,
2026-06-05,78396,unknown,unknown,dev,
2026-06-05,130586,unknown,unknown,dev,
2026-06-05,134012,unknown,unknown,dev,
2026-06-05,136279,unknown,unknown,dev,
2026-06-05,141143,unknown,unknown,dev,
2026-06-05,143146,unknown,unknown,dev,
2026-06-05,154624,unknown,unknown,dev,
2026-06-05,162038,unknown,unknown,dev,
2026-06-05,165903,unknown,unknown,dev,
2026-06-05,229589,unknown,unknown,dev,
2026-06-05,249906,unknown,unknown,dev,
2026-06-05,259994,unknown,unknown,dev,
2026-06-05,267907,unknown,unknown,dev,
2026-06-05,268941,unknown,unknown,dev,
2026-06-05,292182,unknown,unknown,dev,
2026-06-05,305906,unknown,unknown,dev,
2026-06-05,310046,unknown,unknown,dev,
2026-06-05,330008,unknown,unknown,dev,
2026-06-05,492633,unknown,unknown,dev,
2026-06-05,502724,unknown,unknown,dev,
2026-06-05,593610,unknown,unknown,dev,
2026-06-06,657046,unknown,unknown,dev,
2026-06-06,1161911,unknown,unknown,dev,
2026-06-06,1278491,unknown,unknown,dev,
2026-06-06,1304373,unknown,unknown,dev,
2026-06-06,1417368,unknown,unknown,dev,
2026-06-06,1525028,unknown,unknown,dev,
2026-06-06,1555560,unknown,unknown,dev,
2026-06-06,1708713,unknown,unknown,dev,
2026-06-06,1771616,unknown,unknown,dev,
2026-06-06,1819862,unknown,unknown,dev,
2026-06-06,2057412,unknown,unknown,dev,
2026-06-06,2257895,unknown,unknown,dev,
2026-06-06,2275203,unknown,unknown,dev,
2026-06-06,2695439,unknown,unknown,dev,
2026-06-06,2723836,unknown,unknown,dev,
2026-06-07,2908681,unknown,unknown,dev,
2026-06-07,3169927,unknown,unknown,dev,
2026-06-07,3183917,unknown,unknown,dev,
2026-06-07,3199903,unknown,unknown,dev,
2026-06-07,16377,unknown,unknown,dev,
2026-06-07,41454,unknown,unknown,dev,
2026-06-07,59726,unknown,unknown,dev,
2026-06-07,134575,unknown,unknown,dev,
2026-06-07,142490,unknown,unknown,dev,
2026-06-07,149660,unknown,unknown,dev,
2026-06-07,182812,unknown,unknown,dev,
2026-06-07,190151,unknown,unknown,dev,
2026-06-07,198660,unknown,unknown,dev,
2026-06-07,231720,unknown,unknown,dev,
2026-06-07,339338,unknown,unknown,dev,
2026-06-07,346860,unknown,unknown,dev,
2026-06-07,365464,unknown,unknown,dev,
2026-06-07,371445,unknown,unknown,dev,
2026-06-07,379714,unknown,unknown,dev,
2026-06-07,391072,unknown,unknown,dev,
2026-06-07,393312,unknown,unknown,dev,
2026-06-07,402016,unknown,unknown,dev,
2026-06-07,407406,unknown,unknown,dev,
2026-06-07,410172,unknown,unknown,dev,
2026-06-07,417387,unknown,unknown,dev,
2026-06-07,421830,unknown,unknown,dev,
2026-06-07,430205,unknown,unknown,dev,
2026-06-07,435455,unknown,unknown,dev,
2026-06-07,442538,unknown,unknown,dev,
2026-06-07,446543,unknown,unknown,dev,
2026-06-07,457826,unknown,unknown,dev,
2026-06-07,465276,unknown,unknown,dev,
2026-06-07,471501,unknown,unknown,dev,
2026-06-07,476935,unknown,unknown,dev,
2026-06-07,494017,unknown,unknown,dev,
2026-06-07,502919,unknown,unknown,dev,
2026-06-07,508652,unknown,unknown,dev,
2026-06-07,514784,unknown,unknown,dev,
2026-06-07,524886,unknown,unknown,dev,
2026-06-07,546875,unknown,unknown,dev,
2026-06-07,552089,unknown,unknown,dev,
2026-06-07,558492,unknown,unknown,dev,
2026-06-07,563278,unknown,unknown,dev,
2026-06-07,568576,unknown,unknown,dev,
2026-06-07,579559,unknown,unknown,dev,
2026-06-07,584518,unknown,unknown,dev,
2026-06-07,593659,unknown,unknown,dev,
2026-06-07,605366,unknown,unknown,dev,
2026-06-07,656908,unknown,unknown,dev,
2026-06-07,661286,unknown,unknown,dev,
2026-06-07,667378,unknown,unknown,dev,
2026-06-07,686624,unknown,unknown,dev,
2026-06-07,696983,unknown,unknown,dev,
2026-06-07,703685,unknown,unknown,dev,
2026-06-07,707069,unknown,unknown,dev,
2026-06-07,763862,unknown,unknown,dev,
2026-06-07,766583,unknown,unknown,dev,
2026-06-07,769234,unknown,unknown,dev,
2026-06-07,772859,unknown,unknown,dev,
2026-06-07,833439,unknown,unknown,dev,
2026-06-07,838516,unknown,unknown,dev,
2026-06-07,842279,unknown,unknown,dev,
2026-06-07,857466,unknown,unknown,dev,
2026-06-07,861681,unknown,unknown,dev,
2026-06-07,867226,unknown,unknown,dev,
2026-06-07,889417,unknown,unknown,dev,
2026-06-07,894967,unknown,unknown,dev,
2026-06-07,897431,unknown,unknown,dev,
2026-06-07,905862,unknown,unknown,dev,
2026-06-07,910145,unknown,unknown,dev,
2026-06-07,918460,unknown,unknown,dev,
2026-06-07,934069,unknown,unknown,dev,
2026-06-07,938855,unknown,unknown,dev,
2026-06-07,943295,unknown,unknown,dev,
2026-06-07,946112,unknown,unknown,dev,
2026-06-07,991828,unknown,unknown,dev,
2026-06-07,998591,unknown,unknown,dev,
2026-06-07,1041477,unknown,unknown,dev,
2026-06-07,1045722,unknown,unknown,dev,
2026-06-07,1049670,unknown,unknown,dev,
2026-06-07,1056123,unknown,unknown,dev,
2026-06-07,1195506,unknown,unknown,dev,
2026-06-07,1210649,unknown,unknown,dev,
2026-06-07,1218951,unknown,unknown,dev,
2026-06-07,1258879,unknown,unknown,dev,
2026-06-07,1294516,unknown,unknown,dev,
2026-06-07,1306233,unknown,unknown,dev,
2026-06-09,29480,unknown,unknown,dev,
2026-06-09,38716,unknown,unknown,dev,
2026-06-09,47251,unknown,unknown,dev,
2026-06-09,69347,unknown,unknown,dev,
2026-06-09,326480,unknown,unknown,dev,
2026-06-09,552781,unknown,unknown,dev,
2026-06-10,709573,unknown,unknown,dev,
2026-06-10,882231,unknown,unknown,dev,
2026-06-10,894492,unknown,unknown,dev,
2026-06-10,914224,unknown,unknown,dev,
2026-06-10,929799,unknown,unknown,dev,
2026-06-10,1030925,unknown,unknown,dev,
2026-06-10,1122986,unknown,unknown,dev,
2026-06-10,1171229,unknown,unknown,dev,
2026-06-10,1275229,unknown,unknown,dev,
2026-06-10,1376279,unknown,unknown,dev,
2026-06-10,1396010,unknown,unknown,dev,
2026-06-10,1437318,unknown,unknown,dev,
2026-06-10,1565999,unknown,unknown,dev,
2026-06-10,1626651,unknown,unknown,dev,
2026-06-10,1642287,unknown,unknown,dev,
2026-06-10,1660215,unknown,unknown,dev,
2026-06-10,1772047,unknown,unknown,dev,
2026-06-10,1792304,unknown,unknown,dev,
2026-06-10,1817810,unknown,unknown,dev,
2026-06-10,1944480,unknown,unknown,dev,
2026-06-10,2226720,unknown,unknown,dev,
2026-06-10,2295482,unknown,unknown,dev,
2026-06-10,2316202,unknown,unknown,dev,
2026-06-10,2423587,unknown,unknown,dev,
2026-06-10,2442125,unknown,unknown,dev,
2026-06-10,2497870,unknown,unknown,dev,
2026-06-10,2650996,unknown,unknown,dev,
2026-06-10,2705174,unknown,unknown,dev,
2026-06-10,2732314,unknown,unknown,dev,
2026-06-10,2767427,unknown,unknown,dev,
2026-06-10,2788248,unknown,unknown,dev,
2026-06-10,2806363,unknown,unknown,dev,
2026-06-10,2884579,unknown,unknown,dev,
2026-06-10,2888379,unknown,unknown,dev,
2026-06-10,2905381,unknown,unknown,dev,
2026-06-10,3010107,unknown,unknown,dev,
2026-06-10,3051237,unknown,unknown,dev,
2026-06-10,3207348,unknown,unknown,dev,
2026-06-10,3230740,unknown,unknown,dev,
2026-06-10,3236244,unknown,unknown,dev,
2026-06-10,3393709,unknown,unknown,dev,
2026-06-10,3406183,unknown,unknown,dev,
2026-06-10,3421503,unknown,unknown,dev,
2026-06-10,3456837,unknown,unknown,dev,
2026-06-10,3460768,unknown,unknown,dev,
2026-06-10,3545647,unknown,unknown,dev,
2026-06-11,4041042,unknown,unknown,dev,
2026-06-11,4053262,unknown,unknown,dev,
2026-06-11,4110742,unknown,unknown,dev,
2026-06-11,4165509,unknown,unknown,dev,
2026-06-11,14639,unknown,unknown,dev,
2026-06-11,21791,unknown,unknown,dev,
2026-06-11,63840,unknown,unknown,dev,
2026-06-11,68075,unknown,unknown,dev,
2026-06-11,85653,unknown,unknown,dev,
2026-06-11,90365,unknown,unknown,dev,
2026-06-11,111226,unknown,unknown,dev,
2026-06-11,113827,unknown,unknown,dev,
2026-06-11,182259,unknown,unknown,dev,
2026-06-11,187847,unknown,unknown,dev,
2026-06-11,209332,unknown,unknown,dev,
2026-06-11,210891,unknown,unknown,dev,
2026-06-11,225528,unknown,unknown,dev,
2026-06-11,227527,unknown,unknown,dev,
2026-06-11,242165,unknown,unknown,dev,
2026-06-11,244106,unknown,unknown,dev,
2026-06-11,271887,unknown,unknown,dev,
2026-06-11,275523,unknown,unknown,dev,
2026-06-11,325977,unknown,unknown,dev,
2026-06-11,327129,unknown,unknown,dev,
2026-06-11,354935,unknown,unknown,dev,
2026-06-11,356490,unknown,unknown,dev,
2026-06-11,375379,unknown,unknown,dev,
2026-06-11,376457,unknown,unknown,dev,
2026-06-11,429662,unknown,unknown,dev,
2026-06-11,431135,unknown,unknown,dev,
2026-06-11,456869,unknown,unknown,dev,
2026-06-11,457803,unknown,unknown,dev,
2026-06-11,472829,unknown,unknown,dev,
2026-06-11,478392,unknown,unknown,dev,
2026-06-11,511121,unknown,unknown,dev,
2026-06-11,512784,unknown,unknown,dev,
2026-06-11,571729,unknown,unknown,dev,
2026-06-11,574916,unknown,unknown,dev,
2026-06-11,576253,unknown,unknown,dev,
2026-06-11,605142,unknown,unknown,dev,
2026-06-11,606236,unknown,unknown,dev,
2026-06-11,622389,unknown,unknown,dev,
2026-06-11,623593,unknown,unknown,dev,
2026-06-11,653965,unknown,unknown,dev,
2026-06-11,655210,unknown,unknown,dev,
2026-06-11,723347,unknown,unknown,dev,
2026-06-11,724464,unknown,unknown,dev,
