date,session_id,workflow,story,duration,parent_msgs,subagent_count,subagent_msgs,models,total_input,total_output,total_cache_write,total_cache_read,parent_cost,subagent_cost,total_cost
,18eab8a8-22d,,,?,0,0,0,,0,0,0,0,0.00,0.00,0.00
,94431a5d-63b,,,?,0,0,0,,0,0,0,0,0.00,0.00,0.00
,b7e15308-db3,,,?,0,0,0,,0,0,0,0,0.00,0.00,0.00
,1efd3958-a16,,,?,0,0,0,,0,0,0,0,0.00,0.00,0.00
,b6e55d89-a39,,,?,0,0,0,,0,0,0,0,0.00,0.00,0.00
,a93d88df-1c1,,,?,0,0,0,,0,0,0,0,0.00,0.00,0.00
,e5615f63-687,,,?,0,0,0,,0,0,0,0,0.00,0.00,0.00
,79b75c3e-68b,,,?,0,0,0,,0,0,0,0,0.00,0.00,0.00
,58b81c38-b89,,,?,0,0,0,,0,0,0,0,0.00,0.00,0.00
,41ad6d2c-7af,,,?,0,0,0,,0,0,0,0,0.00,0.00,0.00
,6cea04d9-c34,,,?,0,0,0,,0,0,0,0,0.00,0.00,0.00
,b902e484-71d,,,?,0,0,0,,0,0,0,0,0.00,0.00,0.00
,c78bc3c6-4da,,,?,0,0,0,,0,0,0,0,0.00,0.00,0.00
,ee77afb8-ac4,,,?,0,0,0,,0,0,0,0,0.00,0.00,0.00
,04456351-38c,,,?,0,0,0,,0,0,0,0,0.00,0.00,0.00
,cdffe813-e9c,,,?,0,0,0,,0,0,0,0,0.00,0.00,0.00
,35e9eadd-981,,,?,0,0,0,,0,0,0,0,0.00,0.00,0.00
,79c68f8b-865,,,?,0,0,0,,0,0,0,0,0.00,0.00,0.00
,c828d36e-23b,,,?,0,0,0,,0,0,0,0,0.00,0.00,0.00
,5f6ded32-7cd,,,?,0,0,0,,0,0,0,0,0.00,0.00,0.00
,2eb49e73-a95,,,?,0,0,0,,0,0,0,0,0.00,0.00,0.00
,dcc87607-0a7,,,?,0,0,0,,0,0,0,0,0.00,0.00,0.00
,7be37a56-fc9,,,?,0,0,0,,0,0,0,0,0.00,0.00,0.00
,6de6a048-2ec,,,?,0,0,0,,0,0,0,0,0.00,0.00,0.00
,436235b4-4b8,,,?,0,0,0,,0,0,0,0,0.00,0.00,0.00
,c28d3fff-f38,,,?,0,0,0,,0,0,0,0,0.00,0.00,0.00
,30e88433-3f4,,,?,0,0,0,,0,0,0,0,0.00,0.00,0.00
,88b9c561-e9f,,,?,0,0,0,,0,0,0,0,0.00,0.00,0.00
,5d6eee76-b17,,,?,0,0,0,,0,0,0,0,0.00,0.00,0.00
,85542394-246,,,?,0,0,0,,0,0,0,0,0.00,0.00,0.00
,288e0067-83a,,,?,0,0,0,,0,0,0,0,0.00,0.00,0.00
2026-02-09 13:03,57874a7d-285,,,472min,249,1,61,"opus, sonnet",933,1745,1343627,22528993,19.00,3.45,22.45
2026-02-09 13:04,081d574a-3c7,,,19min,59,0,0,opus,71,466,333643,4094208,5.40,0.00,5.40
2026-02-09 13:09,332730d0-4a2,,,1min,0,0,0,,0,0,0,0,0.00,0.00,0.00
2026-02-09 13:10,87ddafc4-ca6,,,0min,0,0,0,,0,0,0,0,0.00,0.00,0.00
2026-02-09 19:13,9661194d-261,,,21min,117,1,79,"haiku, opus",318,1303,467223,7048430,6.34,0.38,6.72
2026-02-09 19:25,2d576578-b1d,,,7min,57,1,27,"haiku, opus",2960,621,458429,2969396,4.21,0.38,4.58
2026-02-09 20:55,6ec40ff0-02d,,,107min,180,0,0,opus,314,1720,779378,15977078,15.83,0.00,15.83
2026-02-09 20:56,ba2cd156-e21,,,1749min,1547,12,390,"<synthetic>, opus, sonnet",5589,15597,9358501,171571128,148.74,24.12,172.85
2026-02-10 18:21,755aa729-bc4,,,181min,150,0,0,opus,1558,1473,896423,10870464,14.44,0.00,14.44
2026-02-10 20:02,b4454b24-010,,,324min,147,0,0,"<synthetic>, opus",191,901,521601,15657741,13.07,0.00,13.07
2026-02-11 01:30,89e0e5a8-a50,,,13min,46,0,0,opus,77,417,286741,3044834,4.40,0.00,4.40
2026-02-11 01:44,a766460d-3c1,,,25min,107,0,0,opus,133,1354,473021,8478486,9.00,0.00,9.00
2026-02-11 02:10,80f22c15-9e0,,,9min,82,0,0,opus,93,646,222405,4959307,4.72,0.00,4.72
2026-02-11 02:17,1a5fab6c-9e1,,,696min,109,3,65,"haiku, opus",46601,1493,612135,10776756,8.52,0.65,9.17
2026-02-11 14:02,79a4b127-b8e,,,1439min,87,0,0,opus,167,773,919077,7353244,12.89,0.00,12.89
2026-02-12 14:01,3e315a39-702,,,24min,136,0,0,opus,195,1217,687510,9847296,11.83,0.00,11.83
2026-02-12 14:26,17fee943-7ac,,,0min,0,0,0,,0,0,0,0,0.00,0.00,0.00
2026-02-12 14:27,06f9ab01-051,,,15min,92,3,73,"opus, sonnet",1372,896,1397778,9240289,7.21,8.33,15.54
2026-02-12 14:43,5121ed0e-b38,ecc-create-story,proceed to create stories for first epic on _bmad-output/implementation-artifacts/sprint-status.yaml,135min,50,4,45,"opus, sonnet",152,642,1173718,5115334,6.48,7.17,13.65
2026-02-12 17:14,02d074ca-56d,ecc-dev-story,1-1,47min,232,0,0,opus,262,43960,672442,23025159,19.34,0.00,19.34
2026-02-12 17:14,fa361a16-1c1,ecc-dev-story,1-1,47min,232,3,121,"opus, sonnet",817,3459,1245006,26299107,18.29,5.67,23.96
2026-02-12 18:01,5420a4da-8e9,ecc-code-review,1-1,73min,380,5,259,"opus, sonnet",30357,4208,3665119,43113993,35.84,21.05,56.89
2026-02-12 18:01,55b45331-e7f,ecc-create-story,,22min,59,4,93,"haiku, opus, sonnet",15976,970,1060785,7305583,6.27,2.78,9.05
2026-02-12 18:23,7263b389-3b0,ecc-create-story,1-3,13min,42,2,52,"opus, sonnet",328,1020,516218,3558123,3.60,2.02,5.62
2026-02-12 18:28,eea28ed2-212,ecc-dev-story,1-2-component-data-pipeline-and-toolbox-browsing,0min,8,0,0,opus,14,46,67566,226126,0.79,0.00,0.79
2026-02-12 18:41,75631c32-9d2,ecc-create-story,1-4,17min,44,3,162,"opus, sonnet",547,2011,1030318,8640801,3.90,9.34,13.25
2026-02-12 18:59,3b61ef3d-ebc,ecc-create-story,1-5,12min,57,2,49,"opus, sonnet",340,726,786143,5698319,6.99,2.25,9.23
2026-02-12 19:12,62c0e22f-b50,ecc-create-story,1-6,8min,39,2,55,"opus, sonnet",13244,1114,601698,3387897,4.39,2.05,6.44
2026-02-12 19:13,df6a1a13-532,ecc-dev-story,1-2-component-data-pipeline-and-toolbox-browsing,33min,319,4,292,"haiku, opus",4254,4112,2168485,43153263,26.19,14.35,40.54
2026-02-12 19:46,9212b418-69a,ecc-code-review,1-2,35min,256,5,271,"opus, sonnet",36569,2904,3926581,33088044,26.76,28.28,55.04
2026-02-12 20:25,6c650d84-bf0,ecc-dev-story,1-3,51min,297,4,123,"haiku, opus",10250,3625,1275848,29818374,20.73,6.85,27.59
2026-02-12 20:39,8ca96b02-7ac,,,28min,110,0,0,"<synthetic>, opus",2810,1098,298179,5557884,5.80,0.00,5.80
2026-02-12 21:08,6567c64e-df4,ecc-code-review,1-3,31min,195,4,126,"opus, sonnet",1077,2036,1840399,20877479,19.66,5.54,25.20
2026-02-12 21:24,cdde7fb0-656,,,142min,131,3,58,"<synthetic>, opus, sonnet",576,1367,1726782,9040749,15.25,3.95,19.19
2026-02-12 21:39,c2a3ed42-59c,,,1min,0,0,0,,0,0,0,0,0.00,0.00,0.00
2026-02-12 21:42,7c3e2e00-39b,,,1min,0,0,0,,0,0,0,0,0.00,0.00,0.00
2026-02-12 21:48,3b5bfb12-0dd,,,1min,0,0,0,,0,0,0,0,0.00,0.00,0.00
2026-02-12 21:49,6db7a0be-429,ecc-dev-story,1-4,138min,207,3,60,"<synthetic>, opus, sonnet",609,1736,1420264,20306435,19.25,3.09,22.34
2026-02-13 00:13,34b227b7-610,,,74min,97,6,133,"<synthetic>, opus, sonnet",11151,915,1511323,9146239,10.81,5.37,16.18
2026-02-13 00:37,b780e8df-9d6,ecc-code-review,1-4,30min,144,4,130,opus,376,1302,2422328,17262546,17.95,14.94,32.89
2026-02-13 01:15,c543d592-3ea,ecc-dev-story,1-5,19min,174,3,109,"opus, sonnet",7217,1903,856611,21307631,13.04,3.76,16.80
2026-02-13 01:36,4dfe80ae-b8c,ecc-e2e,story-1-5,12min,92,2,33,"opus, sonnet",447,758,634484,7713486,7.11,2.90,10.01
2026-02-13 08:29,7673879d-e83,ecc-code-review,1-5,18min,154,4,156,opus,428,1944,2582514,14991969,16.15,17.23,33.37
2026-02-13 08:47,4fc89b87-021,ecc-dev-story,1-6,16min,146,4,96,"haiku, opus",9358,1578,1046899,16971449,11.31,6.95,18.27
2026-02-13 09:06,ecaf9537-503,ecc-e2e,story-1-6,15min,103,2,32,opus,157,712,711186,9359004,7.92,3.89,11.81
2026-02-13 09:21,f716dbf0-159,ecc-code-review,,20min,104,2,32,opus,51807,1026,949433,8023248,9.59,4.20,13.79
2026-02-13 09:43,576a246d-467,ecc-dev-story,remaining td stories in epic 1,24min,186,7,179,opus,9709,1766,1754949,20061036,15.82,11.86,27.67
2026-02-13 10:07,2460e8ad-1c0,,,0min,1,0,0,opus,2,26,13531,17380,0.14,0.00,0.14
2026-02-13 11:21,16213d66-9b3,ecc-dev-story,td-1-2c,12min,100,2,42,"opus, sonnet",184,1011,477552,8603344,7.30,1.69,8.99
2026-02-13 11:56,a85bdc66-dc0,ecc-dev-story,td-1-2d,14min,118,3,49,"opus, sonnet",236,1172,550368,10280733,7.58,2.92,10.49
2026-02-13 12:11,4eaac559-821,ecc-code-review,td-1-2d,73min,88,2,39,"<synthetic>, haiku, opus, sonnet",3110,949,1098492,7170366,10.54,3.48,14.01
2026-02-13 13:25,be761463-a0b,ecc-dev-story,td-1-2e,14min,131,1,10,"opus, sonnet",193,972,428364,11371743,9.33,0.40,9.73
2026-02-13 13:40,cf46a6bb-4b9,ecc-code-review,td-1-2e,6min,42,2,5,"opus, sonnet",72,304,356189,2269471,3.87,0.50,4.37
2026-02-13 14:24,648514f3-d46,ecc-dev-story,td-1-3b,3min,48,1,1,"opus, sonnet",56,322,204438,2344669,3.13,0.06,3.19
2026-02-13 14:29,e2cdc893-39c,ecc-code-review,td-1-3b,3min,36,1,5,"opus, sonnet",67,323,192699,1706352,2.42,0.22,2.64
2026-02-13 14:36,5dac1cd7-798,ecc-dev-story,td-1-3c,6min,55,2,21,"opus, sonnet",112,477,289501,3106698,3.46,0.89,4.36
2026-02-13 14:42,abbd96c2-983,ecc-code-review,td-1-3c,3min,33,1,9,"opus, sonnet",76,258,179039,1600762,2.08,0.31,2.39
2026-02-13 14:47,24187b39-0c7,ecc-code-review,td-1-4a,10min,82,4,22,"haiku, opus, sonnet",186,575,678789,6957668,7.68,0.93,8.61
2026-02-13 14:58,f35fb3b7-086,ecc-dev-story,td-1-4b,7min,77,2,18,"opus, sonnet",117,443,391470,4949601,4.86,1.50,6.36
2026-02-13 15:06,8f119156-219,ecc-code-review,td-1-4b,5min,35,2,15,"haiku, opus, sonnet",267,284,290971,1920410,2.88,0.42,3.30
2026-02-13 15:14,d63a4427-7aa,ecc-code-review,td-1-5a,17min,70,2,9,"opus, sonnet",122,611,340286,4975926,5.27,0.38,5.65
2026-02-13 15:32,0f4c2b60-d1c,ecc-dev-story,td-1-5b,49min,86,2,22,"opus, sonnet",143,752,612091,5750971,7.59,1.38,8.97
2026-02-13 16:45,93d9cf9a-fc7,ecc-code-review,td-1-5b,2min,30,1,8,"opus, sonnet",68,322,202429,1403972,2.14,0.36,2.49
2026-02-13 16:49,94543011-bef,ecc-code-review,td-1-6a,6min,62,2,11,"haiku, opus, sonnet",126,489,393452,4102508,4.56,0.35,4.90
2026-02-13 23:15,97dcb345-6ee,ecc-dev-story,2-1,21min,172,3,46,"haiku, opus, sonnet",285,1555,1013425,18831393,13.15,1.98,15.13
2026-02-14 20:11,3fdf9525-791,ecc-code-review,2-1,11min,98,4,20,"haiku, opus, sonnet",189,766,828122,10667466,10.61,1.00,11.60
2026-02-14 20:24,346435e4-f23,ecc-dev-story,2-2,19min,179,2,26,"opus, sonnet",243,1415,1175443,16964827,16.77,3.46,20.23
2026-02-14 20:52,2a9829d3-6a4,ecc-create-story,2-5,6min,50,2,18,"opus, sonnet",141,544,624871,3565022,6.69,0.81,7.50
2026-02-14 20:49,7b9b9ea0-dea,ecc-code-review,2-2,10min,87,4,15,"haiku, opus, sonnet",140,573,668293,7866787,8.73,0.78,9.50
2026-02-14 21:05,8147e64c-af4,ecc-dev-story,story-2-3,18min,114,5,149,"opus, sonnet",509,1305,1107646,13617874,8.33,9.48,17.82
2026-02-14 21:24,0216f9f9-722,ecc-code-review,story-2-3,9min,81,4,29,"haiku, opus, sonnet",5200,796,574615,6967762,7.50,0.84,8.34
2026-02-14 22:00,e203ea73-5a5,ecc-dev-story,td-2-3a,7min,55,3,38,"opus, sonnet",4419,564,425264,3502004,3.48,2.43,5.91
2026-02-14 22:09,9b59eafc-2e7,ecc-code-review,td-2-3a,3min,38,2,13,"haiku, opus, sonnet",108,349,225324,1988087,2.42,0.26,2.68
2026-02-14 22:14,ad513046-6ae,ecc-dev-story,story-2-4,13min,147,2,41,"opus, sonnet",3856,1308,756901,15389134,11.07,3.96,15.02
2026-02-14 22:29,80a9eb6e-4af,ecc-code-review,2-4,7min,67,2,5,"opus, sonnet",96,517,502589,5547025,7.23,0.35,7.58
2026-02-14 22:50,9be3ba80-9a8,ecc-dev-story,story-2-5,13min,177,2,33,"opus, sonnet",268,1690,491078,17047236,11.51,1.80,13.31
2026-02-14 22:49,43faae82-224,ecc-code-review,2-5,25min,73,4,13,"haiku, opus, sonnet",138,646,522563,5789661,6.73,0.58,7.31
2026-02-15 09:46,030ca220-1bd,ecc-dev-story,"td-2-1a,td-2-2a,td-2-2b,td-2-4a,td-2-5a",19min,229,1,21,opus,266,2262,530902,26164451,16.87,1.58,18.45
2026-02-15 10:06,495470d1-aab,ecc-code-review,td-2-1a,6min,47,1,4,"opus, sonnet",118,334,228744,3031337,3.35,0.28,3.63
2026-02-15 10:14,345b6127-8c4,ecc-code-review,td-2-2a,3min,34,1,5,"opus, sonnet",77,375,201815,1713508,2.53,0.21,2.74
2026-02-15 10:18,c09a8cfa-c49,ecc-code-review,td-2-2b,7min,53,2,18,"haiku, opus, sonnet",136,603,400266,3790830,4.17,0.50,4.68
2026-02-15 10:27,12c8ba1f-743,ecc-dev-story,td-2-2c,6min,68,1,1,"opus, sonnet",117,461,249532,4489027,4.64,0.07,4.71
2026-02-15 10:35,bc5a4312-55e,ecc-code-review,td-2-2c,6min,37,2,15,"haiku, opus, sonnet",124,315,293169,2166313,2.98,0.33,3.31
2026-02-15 10:42,d381669c-764,ecc-code-review,td-2-4a,6min,38,1,5,"opus, sonnet",75,332,200949,1802386,2.64,0.17,2.81
2026-02-15 10:50,fe05772a-0d0,ecc-code-review,td-2-5a,7min,55,2,5,"opus, sonnet",87,607,297078,3262774,4.10,0.31,4.41
